c5_unique_id,sample,subject,subject_type,relation,object,object_type
19990213001379A,"ACFT WAS TAXIING FOR TAKE OFF WHEN IT LOST CONTROL, RAN INTO A DITCH, AND STRUCK A TREE. OTHER CIRCUMSTANCES AE UNK",lost control,action,has effect,ran into a ditch,event
19990213001379A,"ACFT WAS TAXIING FOR TAKE OFF WHEN IT LOST CONTROL, RAN INTO A DITCH, AND STRUCK A TREE. OTHER CIRCUMSTANCES AE UNK",lost control,action,has effect,struck a tree,event
19800217031649I,"AFTER TAKEOFF, ENGINE QUIT. WING FUEL TANK SUMPS WERE NOT DRAINED DURING PREFLIGHT BECAUSE THEY WERE FROZEN.       ",engine quit,event,has cause,wing fuel tank sumps were not drained during preflight,action
19800217031649I,"AFTER TAKEOFF, ENGINE QUIT. WING FUEL TANK SUMPS WERE NOT DRAINED DURING PREFLIGHT BECAUSE THEY WERE FROZEN.       ",wing fuel tank sumps were not drained during preflight,action,has cause,they were frozen,condition
19790720021329A,HELICOPTER TOOK OFF WITH SLING LOAD ATTACHED. CRASHED WHEN LOAD WEDGED IN TREES. IMPROPER PREFLIGHT.               ,took off,action,has effect,crashed,event
19790720021329A,HELICOPTER TOOK OFF WITH SLING LOAD ATTACHED. CRASHED WHEN LOAD WEDGED IN TREES. IMPROPER PREFLIGHT.               ,load wedged in trees,event,has cause,crashed,event
19790720021329A,HELICOPTER TOOK OFF WITH SLING LOAD ATTACHED. CRASHED WHEN LOAD WEDGED IN TREES. IMPROPER PREFLIGHT.               ,improper preflight,action,has cause,crashed,event
19841214074599I,WHILE TAXIING LOST NOSEWHEEL STEERING AND BRAKES. STRUCK 2 AIRCRAFT AND FENCE. CIRCUIT BREAKER HYDRAULIC PUMP OPEN.,lost nosewheel steering and brakes,action,has effect,struck 2 aircraft,event
19841214074599I,WHILE TAXIING LOST NOSEWHEEL STEERING AND BRAKES. STRUCK 2 AIRCRAFT AND FENCE. CIRCUIT BREAKER HYDRAULIC PUMP OPEN.,lost nosewheel steering and brakes,action,has effect,struck fence,event
19860128014289I,FORWARD CARGO DOOR OPENED AS AIRCRAFT TOOK OFF. OBJECTS DROPPED OUT. RETURNED. FAILED TO SEE WARNING LIGHT.        ,forward cargo door opened,event,has effect,objects dropped out,event
19860128014289I,FORWARD CARGO DOOR OPENED AS AIRCRAFT TOOK OFF. OBJECTS DROPPED OUT. RETURNED. FAILED TO SEE WARNING LIGHT.        ,aircraft took off,event,has effect,forward cargo door opened,event
19860128014289I,FORWARD CARGO DOOR OPENED AS AIRCRAFT TOOK OFF. OBJECTS DROPPED OUT. RETURNED. FAILED TO SEE WARNING LIGHT.        ,failed to see warning light,action,has effect,returned,event
20000215010329A,"(-23) MR. TIMOTHY ALLEN WELLS WAS ACTING AS PILOT IN COMMAND OF A BELL HELICOPTER MODEL BHT-47-G5, N4754R, ENGAGED ",Timothy Allen Wells,person,acting as,pilot in command,role
20000215010329A,"(-23) MR. TIMOTHY ALLEN WELLS WAS ACTING AS PILOT IN COMMAND OF A BELL HELICOPTER MODEL BHT-47-G5, N4754R, ENGAGED ","Bell Helicopter Model BHT-47-G5, N4754R",aircraft,used by,Timothy Allen Wells,person
19801116083749I,FORCED LANDING AFTER ONE ENGINE QUIT;FOUND ICE IN AUXILIARY FUEL SYSTEM.                                           ,one engine quit,event,has effect,forced landing,event
19801116083749I,FORCED LANDING AFTER ONE ENGINE QUIT;FOUND ICE IN AUXILIARY FUEL SYSTEM.                                           ,ice,substance,located in,auxiliary fuel system,location
19850315007389A,PILOT WAS DESCENDING TO LOWER ALTITUDE DUE TO ICING. LOST CONTROL. ALTIMETER NOT IFR CERTIFIED. ICING FORECAST.    ,descending to lower altitude,action,has cause,icing,condition
19850315007389A,PILOT WAS DESCENDING TO LOWER ALTITUDE DUE TO ICING. LOST CONTROL. ALTIMETER NOT IFR CERTIFIED. ICING FORECAST.    ,lost control,action,has cause,icing,condition
20070630826079I,(-23) AIRCRAFT DEPARTED RAY AIRPORT AND AFTER TAKEOFF INTO THE CLIMB AIRCRAFT ENGINE STARTED TO HAVE PROBLEMS. PILO,aircraft engine started to have problems,event,has cause,after takeoff into the climb,event
20070630826079I,(-23) AIRCRAFT DEPARTED RAY AIRPORT AND AFTER TAKEOFF INTO THE CLIMB AIRCRAFT ENGINE STARTED TO HAVE PROBLEMS. PILO,aircraft departed Ray Airport,event,followed by,aircraft engine started to have problems,event
19900425011659A,RAN OUT OF FUEL ON FERRY FLIGHT. LEFT PONTOON SEPARATED LANDING IN A POND. FUEL CAP NOT SECURED. FUEL SIPHONED.    ,ran out of fuel,event,has effect,left pontoon separated,event
19900425011659A,RAN OUT OF FUEL ON FERRY FLIGHT. LEFT PONTOON SEPARATED LANDING IN A POND. FUEL CAP NOT SECURED. FUEL SIPHONED.    ,ran out of fuel,event,has effect,landing in a pond,event
19900425011659A,RAN OUT OF FUEL ON FERRY FLIGHT. LEFT PONTOON SEPARATED LANDING IN A POND. FUEL CAP NOT SECURED. FUEL SIPHONED.    ,fuel cap not secured,condition,has cause,fuel siphoned,event
19991230042089A,"(.4)THE PILOT SAID THAT SHORTLY AFTER TAKEOFF, THE ENGINE 'STARTED CUTTING OUT AND WAS NOT DEVELOPING ENOUGH POWER ",engine,object,has effect,started cutting out,event
19991230042089A,"(.4)THE PILOT SAID THAT SHORTLY AFTER TAKEOFF, THE ENGINE 'STARTED CUTTING OUT AND WAS NOT DEVELOPING ENOUGH POWER ",engine,object,has effect,was not developing enough power,event
19820725041999I,"LOOSE COWLING ON TAKEOFF. COWLING CAME OFF ON RETURNING TO LAND. CRACKED WINDSHIELD, DENTED STABILIZER.            ",loose cowling,condition,has effect,cowling came off,event
19820725041999I,"LOOSE COWLING ON TAKEOFF. COWLING CAME OFF ON RETURNING TO LAND. CRACKED WINDSHIELD, DENTED STABILIZER.            ",cowling came off,event,has effect,cracked windshield,condition
19820725041999I,"LOOSE COWLING ON TAKEOFF. COWLING CAME OFF ON RETURNING TO LAND. CRACKED WINDSHIELD, DENTED STABILIZER.            ",cowling came off,event,has effect,dented stabilizer,condition
19940412011509I,AIRCRAFT POPPED OPEN ON DESCENT. FLIGHT MANUAL FLEW OUT AND STRUCK TRUCK WINDSHIELD ON GROUND. LANDED SAFELY.      ,aircraft popped open,event,has effect,flight manual flew out,event
19940412011509I,AIRCRAFT POPPED OPEN ON DESCENT. FLIGHT MANUAL FLEW OUT AND STRUCK TRUCK WINDSHIELD ON GROUND. LANDED SAFELY.      ,flight manual flew out,event,has effect,struck truck windshield on ground,event
19971226042729I,NR2 ENGINE FIRE WHILE LOADING PASSENGERS AT GATE. EVACUATED. FUEL LEVER WAS IN FLIGHT IDLE. CUT OFF. SMOKE CLEARED.,NR2 engine fire,event,has effect,evacuated,action
19971226042729I,NR2 ENGINE FIRE WHILE LOADING PASSENGERS AT GATE. EVACUATED. FUEL LEVER WAS IN FLIGHT IDLE. CUT OFF. SMOKE CLEARED.,NR2 engine fire,event,has effect,smoke cleared,event
19950619021589I,AFTER DEPARTING HIGH OIL TEMP. LANDED OFF AIRPOR. SHEARED MAIN GEAR. FOUND LOW ON OIL.                             ,departing,action,has effect,high oil temp,condition
19950619021589I,AFTER DEPARTING HIGH OIL TEMP. LANDED OFF AIRPOR. SHEARED MAIN GEAR. FOUND LOW ON OIL.                             ,landed off airport,action,has effect,sheared main gear,event
19950619021589I,AFTER DEPARTING HIGH OIL TEMP. LANDED OFF AIRPOR. SHEARED MAIN GEAR. FOUND LOW ON OIL.                             ,found low on oil,condition,has cause,high oil temp,condition
19940815046149I,BATTERY COMPARTMENT DOOR CAME OPEN. ANTENNA CRACKED WINDSHIELD.                                                    ,battery compartment door came open,event,has effect,antenna cracked windshield,event
19860228038269I,RETURNED WHEN NOSE GEAR FAILED TO RETRACT. FOUND THAT PIN HAD NOT BEEN REMOVED AFTER PREVIOUS MAINTENANCE.         ,nose gear failed to retract,event,has effect,returned,action
19860228038269I,RETURNED WHEN NOSE GEAR FAILED TO RETRACT. FOUND THAT PIN HAD NOT BEEN REMOVED AFTER PREVIOUS MAINTENANCE.         ,pin had not been removed,event,has cause,previous maintenance,event
19790718019229I,GROUND STAND BAGGAGE CART WITH INOPERATIVE BRAKES ROLLED INTO SIDE OF PARKED AIRCRAFT. 9 INCH TEAR IN FUSELAGE.    ,inoperative brakes,condition,has effect,rolled into side of parked aircraft,event
19790718019229I,GROUND STAND BAGGAGE CART WITH INOPERATIVE BRAKES ROLLED INTO SIDE OF PARKED AIRCRAFT. 9 INCH TEAR IN FUSELAGE.    ,rolled into side of parked aircraft,event,has effect,9 inch tear in fuselage,event
20000625032189I,(-23)NORTHWEST AIRLINES DC-10 BOEING PUSHED BACK FOR REPOSITIONING OFF OF GATE B-52 STRUCK A CONTINENTAL AIRLINES D,pushed back for repositioning,action,has effect,struck a Continental Airlines,event
19860530030499A,ENGINE OVERHEAT. HOT OIL SMELL.KNEW HE HAD FAILED TO REMOVE AIR INTAKE PLUGS. NOSED OVER IN FURROWS PLOWED FAILED  ,engine overheat,event,has effect,hot oil smell,event
19860530030499A,ENGINE OVERHEAT. HOT OIL SMELL.KNEW HE HAD FAILED TO REMOVE AIR INTAKE PLUGS. NOSED OVER IN FURROWS PLOWED FAILED  ,failed to remove air intake plugs,action,has cause,engine overheat,event
19860530030499A,ENGINE OVERHEAT. HOT OIL SMELL.KNEW HE HAD FAILED TO REMOVE AIR INTAKE PLUGS. NOSED OVER IN FURROWS PLOWED FAILED  ,nosed over in furrows,event,has cause,failed to remove air intake plugs,action
19821117066379I,PILOT UNABLE TO PRESSURIZE. FOUND ACCESS DOOR SLIGHTLY OPEN. DEPRESSURIZED. DOOR OPENED FULLY. STOPPED BY FUSELAGE.,unable to pressurize,action,has cause,access door slightly open,state
19821117066379I,PILOT UNABLE TO PRESSURIZE. FOUND ACCESS DOOR SLIGHTLY OPEN. DEPRESSURIZED. DOOR OPENED FULLY. STOPPED BY FUSELAGE.,unable to pressurize,action,has effect,depressurized,event
19821117066379I,PILOT UNABLE TO PRESSURIZE. FOUND ACCESS DOOR SLIGHTLY OPEN. DEPRESSURIZED. DOOR OPENED FULLY. STOPPED BY FUSELAGE.,depressurized,event,has effect,door opened fully,event
19821117066379I,PILOT UNABLE TO PRESSURIZE. FOUND ACCESS DOOR SLIGHTLY OPEN. DEPRESSURIZED. DOOR OPENED FULLY. STOPPED BY FUSELAGE.,door opened fully,event,stopped by,fuselage,object
19810303007119A,VEERED OFF RUNWAY ON LANDING.  HIT PARKED AIRPLANE.  NEWLY INSTALLED CARPETING RESTRICTED RUDDER PEDAL MOVEMENT.   ,veered off runway,action,has effect,hit parked airplane,event
19810303007119A,VEERED OFF RUNWAY ON LANDING.  HIT PARKED AIRPLANE.  NEWLY INSTALLED CARPETING RESTRICTED RUDDER PEDAL MOVEMENT.   ,newly installed carpeting,object,has effect,restricted rudder pedal movement,event
19950602032329I,VEERED OFF TAXIWAY. STRUCK TAXIWAY LIGHT. WAS ADVISED DAMAGED PROP. CONTINUED TO LIT.                              ,veered off taxiway,action,has effect,struck taxiway light,event
19950602032329I,VEERED OFF TAXIWAY. STRUCK TAXIWAY LIGHT. WAS ADVISED DAMAGED PROP. CONTINUED TO LIT.                              ,struck taxiway light,event,has effect,was advised damaged prop,event
19950602032329I,VEERED OFF TAXIWAY. STRUCK TAXIWAY LIGHT. WAS ADVISED DAMAGED PROP. CONTINUED TO LIT.                              ,was advised damaged prop,event,has effect,continued to LIT,event
19901101064289I,FUEL CAP MISSING FROM RIGHT TANK AND GAS ESCAPING WHILE TAXIING. REPLACED CAP. RESUMED FLIGHT WITHOUT CLEANING WING,fuel cap missing from right tank,condition,has effect,gas escaping,event
19901101064289I,FUEL CAP MISSING FROM RIGHT TANK AND GAS ESCAPING WHILE TAXIING. REPLACED CAP. RESUMED FLIGHT WITHOUT CLEANING WING,gas escaping,event,has effect,while taxiing,event
19901101064289I,FUEL CAP MISSING FROM RIGHT TANK AND GAS ESCAPING WHILE TAXIING. REPLACED CAP. RESUMED FLIGHT WITHOUT CLEANING WING,replaced cap,action,followed by,resumed flight,event
19901101064289I,FUEL CAP MISSING FROM RIGHT TANK AND GAS ESCAPING WHILE TAXIING. REPLACED CAP. RESUMED FLIGHT WITHOUT CLEANING WING,resumed flight,event,has effect,without cleaning wing,condition
20050713014239I,"(-23) ON JULY 13, 2005, AT 1535 MST, AN RAYTHEON AIRCRAFT CO. B36TC (BONANZA), N3042V REGISTERED TO HAVENS LEASING ","Raytheon Aircraft Co. B36TC (Bonanza), N3042V",aircraft,registered to,Havens Leasing,organization
20050713014239I,"(-23) ON JULY 13, 2005, AT 1535 MST, AN RAYTHEON AIRCRAFT CO. B36TC (BONANZA), N3042V REGISTERED TO HAVENS LEASING ","July 13, 2005",date,time period,1535 MST,time
19860706034879A,THE ENGINE LOST POWER ON TAKEOFF AND THE AIRCRAFT FLIPPED ON LANDING.PILOT HAD JUST FILLED TANKS. WATER IN FUEL.   ,engine lost power,action,has effect,aircraft flipped on landing,event
19860706034879A,THE ENGINE LOST POWER ON TAKEOFF AND THE AIRCRAFT FLIPPED ON LANDING.PILOT HAD JUST FILLED TANKS. WATER IN FUEL.   ,pilot filled tanks,action,has cause,water in fuel,condition
19840121015319I,ENGINE FAILED AFTER TAKEOFF. TRIED TO MAKE A ROAD BUT DRIFTED OFF THE EDGE. FOUND SOLID ICE IN CARBURETOR BOWL.    ,engine failed,event,has effect,tried to make a road,action
19840121015319I,ENGINE FAILED AFTER TAKEOFF. TRIED TO MAKE A ROAD BUT DRIFTED OFF THE EDGE. FOUND SOLID ICE IN CARBURETOR BOWL.    ,engine failed,event,has effect,drifted off the edge,action
19840121015319I,ENGINE FAILED AFTER TAKEOFF. TRIED TO MAKE A ROAD BUT DRIFTED OFF THE EDGE. FOUND SOLID ICE IN CARBURETOR BOWL.    ,found solid ice in carburetor bowl,event,has cause,engine failed,event
19950527014439A,LOST CONTROL ON CLIMBOUT AFTER TOW RELEASE. ROLLED BOTH WAYS. SPIRAL TO IMPACT. NEGLECTED TO CONNECT RIGHT AILERON.,lost control,action,has effect,rolled both ways,event
19950527014439A,LOST CONTROL ON CLIMBOUT AFTER TOW RELEASE. ROLLED BOTH WAYS. SPIRAL TO IMPACT. NEGLECTED TO CONNECT RIGHT AILERON.,lost control,action,has effect,spiral to impact,event
19950527014439A,LOST CONTROL ON CLIMBOUT AFTER TOW RELEASE. ROLLED BOTH WAYS. SPIRAL TO IMPACT. NEGLECTED TO CONNECT RIGHT AILERON.,neglected to connect right aileron,action,has cause,lost control,event
19960322013629I,NARRATIVE: THE AIRCRAFT WAS BEING FERRIED FOR MAINTENANCE. THE GEAR BLOCKED DOWN AND THE NOSE BLOCK FELL OUT DURING,aircraft,object,used by,ferried for maintenance,action
19960322013629I,NARRATIVE: THE AIRCRAFT WAS BEING FERRIED FOR MAINTENANCE. THE GEAR BLOCKED DOWN AND THE NOSE BLOCK FELL OUT DURING,gear,object,has effect,blocked down,event
19960322013629I,NARRATIVE: THE AIRCRAFT WAS BEING FERRIED FOR MAINTENANCE. THE GEAR BLOCKED DOWN AND THE NOSE BLOCK FELL OUT DURING,nose block,object,has effect,fell out,event
19960504009509A,FAILED TO DETACH TRAILER TIE DOWN FROM SKID. LOST CONTROL AND ROLLED ON LIFT OFF. (-23) PILOT FAILED TO FULLY DETAC,failed to detach trailer tie down from skid,action,has cause,lost control and rolled on lift off,event
19960504009509A,FAILED TO DETACH TRAILER TIE DOWN FROM SKID. LOST CONTROL AND ROLLED ON LIFT OFF. (-23) PILOT FAILED TO FULLY DETAC,lost control,action,has effect,rolled on lift off,event
19790211002709A,AIRCRAFT FAILED TO LIFTOFF RUNWAY. RAN OFF END INTO SNOW BANK. FROST ON AIRFRAME.                                  ,failed to liftoff runway,action,has effect,ran off end into snow bank,event
19790211002709A,AIRCRAFT FAILED TO LIFTOFF RUNWAY. RAN OFF END INTO SNOW BANK. FROST ON AIRFRAME.                                  ,frost on airframe,condition,has cause,failed to liftoff runway,action
19850418016709I,ENGINE POWER FAILURE WHILE DOING AEROBATICS. LANDED IN FIELD. PILOT DID NOT VISUALLY INSPECT FUEL TANKS.           ,engine power failure,event,has effect,landed in field,event
19850418016709I,ENGINE POWER FAILURE WHILE DOING AEROBATICS. LANDED IN FIELD. PILOT DID NOT VISUALLY INSPECT FUEL TANKS.           ,pilot did not visually inspect fuel tanks,action,has cause,engine power failure,event
19780913017419I,ABORTED TAKEOFF WHEN FRONT BAGGAGE DOOR POPPED OPEN.                                                               ,front baggage door popped open,event,has cause,aborted takeoff,action
19781113027039I,PILOT TAXIED INTO UNMARKED DITCH AT END OF TAXIWAY.                                                                ,taxied into unmarked ditch,action,has effect,at end of taxiway,location
19870606018859A,UNABLE TO STAY AIRBORNE ON TAKEOFF. ABORTED AND GROUND LOOPED INTO A TREE TO AVOID OVERRUN. MAG SWITCH ON ONE MAG. ,unable to stay airborne on takeoff,action,has effect,aborted,event
19870606018859A,UNABLE TO STAY AIRBORNE ON TAKEOFF. ABORTED AND GROUND LOOPED INTO A TREE TO AVOID OVERRUN. MAG SWITCH ON ONE MAG. ,aborted,action,has effect,ground looped into a tree,event
19870606018859A,UNABLE TO STAY AIRBORNE ON TAKEOFF. ABORTED AND GROUND LOOPED INTO A TREE TO AVOID OVERRUN. MAG SWITCH ON ONE MAG. ,ground looped into a tree,event,has effect,avoid overrun,action
19990714022959I,(-23) ACCORDING TO THE PILOT HE DEPARTED FRONT RANGE AIRPORT DURING THE HOURS OF DARKNESS. DURING THE START AND RUN,departed,action,location,Front Range Airport,place
19990714022959I,(-23) ACCORDING TO THE PILOT HE DEPARTED FRONT RANGE AIRPORT DURING THE HOURS OF DARKNESS. DURING THE START AND RUN,departed,action,time period,during the hours of darkness,time period
19870319012959I,NOSE GEAR WOULD NOT RETRACT AFTER TAKEOFF. RETURNED AND FOUND PIN WAS INSTALLED.                                   ,nose gear would not retract,event,has effect,returned,action
19870319012959I,NOSE GEAR WOULD NOT RETRACT AFTER TAKEOFF. RETURNED AND FOUND PIN WAS INSTALLED.                                   ,found pin was installed,event,has cause,nose gear would not retract,event
20050504010229A,"(-23) A SIKORSKY S-70A, N160LA, ENCOUNTERED A VIBRATION AFTER THE APU DOOR STRUCK A MAIN ROTOR BLADE INFLIGHT NEAR ",APU door struck a main rotor blade,event,has effect,encountered a vibration,event
20050429009279I,(-23) THE PILOT WAS TAXIING THE AIRCRAFT TO PARKING FOLLOWING A CARGO TRIP. UPON REACHING A POINT WHERE THE TAXIWAY,taxiing the aircraft to parking,action,followed by,reaching a point where the taxiway,event
19890723054159I,AFTER LANDING IT WAS DETERMINED THERE WAS INSUFFICIENT NUMBER OF SEATS AND OXYGEN MASKS FOR PASSENGERS ONBOARD.    ,insufficient number of seats and oxygen masks,condition,has effect,passengers onboard,situation
19970523014439I,NARRATIVE: THE CARGO DOOR WAS LATCHED BEFORE TAKEOFF BY MR. BOWEN. RUNWAY CONDITIONS AT STEVEN'S VILLAGE WAS EXTREM,cargo door was latched,action,time period,before takeoff,event
19970523014439I,NARRATIVE: THE CARGO DOOR WAS LATCHED BEFORE TAKEOFF BY MR. BOWEN. RUNWAY CONDITIONS AT STEVEN'S VILLAGE WAS EXTREM,cargo door was latched,action,used by,Mr. Bowen,person
19970523014439I,NARRATIVE: THE CARGO DOOR WAS LATCHED BEFORE TAKEOFF BY MR. BOWEN. RUNWAY CONDITIONS AT STEVEN'S VILLAGE WAS EXTREM,runway conditions,condition,location,Steven's Village,place
19970908038069A,TIRED TAXI WITH TIEDOWN CHAINS ATTACHE. ROLLED OVER. PILOT FAILED NOTE RAMP PERSON TIED SKIDS DUE HIGH WIND.       ,tiedown chains attached,condition,has effect,rolled over,event
19970908038069A,TIRED TAXI WITH TIEDOWN CHAINS ATTACHE. ROLLED OVER. PILOT FAILED NOTE RAMP PERSON TIED SKIDS DUE HIGH WIND.       ,high wind,condition,has cause,ramp person tied skids,action
19781108022239I,BAGGAGE CART WAS BLOWN INTO PARKED AIRCRAFT BY JET BLAST. BRAKES WERE INOPERATIVE ON CART.                         ,jet blast,event,has effect,baggage cart was blown into parked aircraft,event
19781108022239I,BAGGAGE CART WAS BLOWN INTO PARKED AIRCRAFT BY JET BLAST. BRAKES WERE INOPERATIVE ON CART.                         ,brakes were inoperative,condition,has effect,baggage cart was blown into parked aircraft,event
19760606015529A,SUFFICIENT OPPORTUNITY EXISTED TO RELEASE WHEN GLIDER ASSUMED NOSE HIGH ATTITUDE.                                  ,glider,object,assumed,nose high attitude,state
20051009024969I,(-23) ^PRIVACY DATA OMITTED^ HELICOPTER ENGINE POWER CHECKS WERE BEING CONDUCTED BY PILOT AND ONE CREWMEMBER. DURIN,helicopter engine power checks,event,maintained by,pilot and one crewmember,agent
19930530020029I,PILOT LOST CONTROL OF AIRCRAFT ON TAKEOFF ROLL. PILOTS SEAT WAS NOT LOCKED IN POSITION AND SLID AFT ON ACCELARATION,lost control,action,has effect,aircraft on takeoff roll,event
19930530020029I,PILOT LOST CONTROL OF AIRCRAFT ON TAKEOFF ROLL. PILOTS SEAT WAS NOT LOCKED IN POSITION AND SLID AFT ON ACCELARATION,seat was not locked in position,condition,has cause,slid aft on acceleration,event
19801230089799I,"FLAT NOSE STRUT FAILED TO EXTEND BEFORE RETRACTION. IT CAUGHT ON AIRPLANE STRUCTURE, BROKE THE BELLCRANK. COLLAPSED",flat nose strut failed to extend,event,has cause,caught on airplane structure,event
19801230089799I,"FLAT NOSE STRUT FAILED TO EXTEND BEFORE RETRACTION. IT CAUGHT ON AIRPLANE STRUCTURE, BROKE THE BELLCRANK. COLLAPSED",caught on airplane structure,event,has effect,broke the bellcrank,event
19801230089799I,"FLAT NOSE STRUT FAILED TO EXTEND BEFORE RETRACTION. IT CAUGHT ON AIRPLANE STRUCTURE, BROKE THE BELLCRANK. COLLAPSED",broke the bellcrank,event,has effect,collapsed,event
19980508008619A,LOST POWER ENROUTE. NOSED OVER LANDING ON A SLOPE. NO EVIDENCE OF FUEL AT SCENE. FAILED TO VISUALLY CHECK FUEL.. (.,lost power,action,has effect,nosed over landing on a slope,event
19980508008619A,LOST POWER ENROUTE. NOSED OVER LANDING ON A SLOPE. NO EVIDENCE OF FUEL AT SCENE. FAILED TO VISUALLY CHECK FUEL.. (.,lost power,action,has cause,no evidence of fuel at scene,condition
19980508008619A,LOST POWER ENROUTE. NOSED OVER LANDING ON A SLOPE. NO EVIDENCE OF FUEL AT SCENE. FAILED TO VISUALLY CHECK FUEL.. (.,failed to visually check fuel,action,has cause,lost power,event
19940818022409A,LOST LEFT ENGINE NEAR H71. FEATHERED. HIGH . BEGAN GO AROUND BELOW VMC. CRASHED. BAD OIL LEAK. CRACKED ENGINE CASE.,lost left engine,event,location,near H71,location
19940818022409A,LOST LEFT ENGINE NEAR H71. FEATHERED. HIGH . BEGAN GO AROUND BELOW VMC. CRASHED. BAD OIL LEAK. CRACKED ENGINE CASE.,lost left engine,event,has effect,feathered,action
19940818022409A,LOST LEFT ENGINE NEAR H71. FEATHERED. HIGH . BEGAN GO AROUND BELOW VMC. CRASHED. BAD OIL LEAK. CRACKED ENGINE CASE.,began go around,action,time period,below VMC,time period
19940818022409A,LOST LEFT ENGINE NEAR H71. FEATHERED. HIGH . BEGAN GO AROUND BELOW VMC. CRASHED. BAD OIL LEAK. CRACKED ENGINE CASE.,began go around,action,has effect,crashed,event
19940818022409A,LOST LEFT ENGINE NEAR H71. FEATHERED. HIGH . BEGAN GO AROUND BELOW VMC. CRASHED. BAD OIL LEAK. CRACKED ENGINE CASE.,bad oil leak,event,has cause,cracked engine case,event
19920405008919A,"ATTEMPTED TAKEOFF FROM 2500 FT SOD STRIP.GUSTY NORTH WIND,HIT TREES OFF END OF STRIP CRASHED.                      ",attempted takeoff,action,has effect,hit trees,event
19920405008919A,"ATTEMPTED TAKEOFF FROM 2500 FT SOD STRIP.GUSTY NORTH WIND,HIT TREES OFF END OF STRIP CRASHED.                      ",attempted takeoff,action,has effect,crashed,event
19840821046409A,CRASH OCCURRED DURING FORCED LANDING AFTER ENGINE FAILURE DURING TAKEOFF. AIRCRAFT HAD NOT HAD ANNUAL INSPECTION.  ,engine failure,event,has effect,crash occurred during forced landing,event
19840821046409A,CRASH OCCURRED DURING FORCED LANDING AFTER ENGINE FAILURE DURING TAKEOFF. AIRCRAFT HAD NOT HAD ANNUAL INSPECTION.  ,engine failure,event,time period,during takeoff,time period
19840821046409A,CRASH OCCURRED DURING FORCED LANDING AFTER ENGINE FAILURE DURING TAKEOFF. AIRCRAFT HAD NOT HAD ANNUAL INSPECTION.  ,aircraft,object,influenced by,not had annual inspection,event
19950216008379I,"NARRATIVE: THE PILOT OF CESSNA 207, N1549U STATED THAT AFTER TAKEOFF FROM THE BETHEL AIRPORT, THE ENGINE STOPPED RU",takeoff from the Bethel Airport,event,has effect,engine stopped,event
19850525020799A,TOUCHED DOWN LONG AND BOUNCED. ATTEMPTED DOWNWIND GO AROUND WITH FULL FLAPS. STRUCK TREE 3 MILES FROM AIRPORT.     ,touched down long,action,has effect,bounced,event
19850525020799A,TOUCHED DOWN LONG AND BOUNCED. ATTEMPTED DOWNWIND GO AROUND WITH FULL FLAPS. STRUCK TREE 3 MILES FROM AIRPORT.     ,attempted downwind go around with full flaps,action,has effect,struck tree,event
19850525020799A,TOUCHED DOWN LONG AND BOUNCED. ATTEMPTED DOWNWIND GO AROUND WITH FULL FLAPS. STRUCK TREE 3 MILES FROM AIRPORT.     ,struck tree,event,event distance,3 miles from airport,location
19861114075329I,ENTERED TCA WITHOUT ATC COMMUNICATION. PILOT WAS AWARE OF MALFUNCTIONING ENCODING ALTIMETER.                       ,entered TCA without ATC communication,action,has cause,malfunctioning encoding altimeter,condition
20010421009329I,"(-23)AIRCRAFT WAS IN CRUISE FLIGHT, THERE WAS A RPM LOSS AND PILOT COULD NOT MAINTAIN ALTITUDE. PILOT MADE AN EMERG",RPM loss,event,has effect,could not maintain altitude,action
19960524045629A,NOSE BAGGAGE DOOR OPENED ON TAKEOFF. BAGGAGE HIT LEFT PROP. GOT BELWO UMC. LANDED ON SEA ICE. WILL FLY DOOR OPEN.  ,nose baggage door opened,event,has effect,baggage hit left prop,event
19960524045629A,NOSE BAGGAGE DOOR OPENED ON TAKEOFF. BAGGAGE HIT LEFT PROP. GOT BELWO UMC. LANDED ON SEA ICE. WILL FLY DOOR OPEN.  ,baggage hit left prop,event,has effect,got below UMC,event
19960524045629A,NOSE BAGGAGE DOOR OPENED ON TAKEOFF. BAGGAGE HIT LEFT PROP. GOT BELWO UMC. LANDED ON SEA ICE. WILL FLY DOOR OPEN.  ,got below UMC,event,has effect,landed on sea ice,event
19871211075169A,ROUGH ENGINE ON CLIMBOUT. LANDED ON CITY STREET. SPARK PLUGS OUT OF TOLERENCE. FOUND PRIMER UNLOCKED.              ,rough engine,condition,has effect,landed on city street,event
19871211075169A,ROUGH ENGINE ON CLIMBOUT. LANDED ON CITY STREET. SPARK PLUGS OUT OF TOLERENCE. FOUND PRIMER UNLOCKED.              ,spark plugs,component,has effect,rough engine,condition
19871211075169A,ROUGH ENGINE ON CLIMBOUT. LANDED ON CITY STREET. SPARK PLUGS OUT OF TOLERENCE. FOUND PRIMER UNLOCKED.              ,primer,component,has effect,rough engine,condition
20010910029739I,"(-23) DURING TAXI OUT, CFI NOTICED NOSE LANDING GEAR GREEN LIGHT WAS OUT. SHE ATTEMPTED TO SWAP LIGHTS TO VERIFY TH",CFI noticed nose landing gear green light was out,action,has effect,attempted to swap lights,action
19871027060859A,"ELECTRIC POWER LOST ON IFR DUAL FLIGHT. STRUCK POWER POLE ON FORCED LANDING, FOUND CIRCUIT BREAKER OFF. PILOT ERROR",electric power lost,event,has effect,struck power pole,event
19871027060859A,"ELECTRIC POWER LOST ON IFR DUAL FLIGHT. STRUCK POWER POLE ON FORCED LANDING, FOUND CIRCUIT BREAKER OFF. PILOT ERROR",electric power lost,event,has effect,forced landing,event
19871027060859A,"ELECTRIC POWER LOST ON IFR DUAL FLIGHT. STRUCK POWER POLE ON FORCED LANDING, FOUND CIRCUIT BREAKER OFF. PILOT ERROR",forced landing,event,has effect,struck power pole,event
19871027060859A,"ELECTRIC POWER LOST ON IFR DUAL FLIGHT. STRUCK POWER POLE ON FORCED LANDING, FOUND CIRCUIT BREAKER OFF. PILOT ERROR",circuit breaker,object,has effect,electric power lost,event
19871027060859A,"ELECTRIC POWER LOST ON IFR DUAL FLIGHT. STRUCK POWER POLE ON FORCED LANDING, FOUND CIRCUIT BREAKER OFF. PILOT ERROR",pilot error,action,has cause,electric power lost,event
19980616023109I,LOUD BANG AND SHUDDER ENROUTE. SAW SPARKS AT ROTOR. RETURNED. ENGINE COWLING SEPERATED. COWL NOT FASTENED.         ,loud bang and shudder,event,has cause,saw sparks at rotor,event
19980616023109I,LOUD BANG AND SHUDDER ENROUTE. SAW SPARKS AT ROTOR. RETURNED. ENGINE COWLING SEPERATED. COWL NOT FASTENED.         ,saw sparks at rotor,event,has effect,returned,action
19980616023109I,LOUD BANG AND SHUDDER ENROUTE. SAW SPARKS AT ROTOR. RETURNED. ENGINE COWLING SEPERATED. COWL NOT FASTENED.         ,engine cowling,object,has effect,separated,event
19980616023109I,LOUD BANG AND SHUDDER ENROUTE. SAW SPARKS AT ROTOR. RETURNED. ENGINE COWLING SEPERATED. COWL NOT FASTENED.         ,cowl,object,has cause,not fastened,state
19910710026989A,REPORTED PROBLEM ON CLIMBOUT. STALLED AND CRASHED. NO LOCKING PINS IN SEAT TRACK. SEAT PIN BENT. BELT NOT FASTENED ,reported problem on climbout,event,has effect,stalled and crashed,event
19910710026989A,REPORTED PROBLEM ON CLIMBOUT. STALLED AND CRASHED. NO LOCKING PINS IN SEAT TRACK. SEAT PIN BENT. BELT NOT FASTENED ,no locking pins in seat track,condition,has effect,seat pin bent,condition
19910710026989A,REPORTED PROBLEM ON CLIMBOUT. STALLED AND CRASHED. NO LOCKING PINS IN SEAT TRACK. SEAT PIN BENT. BELT NOT FASTENED ,seat pin bent,condition,has effect,belt not fastened,condition
19780509032859I,FORCED LANDING AFTER POWER LOSS. FOUND WATER IN FUEL.                                                              ,power loss,event,has effect,forced landing,event
19780509032859I,FORCED LANDING AFTER POWER LOSS. FOUND WATER IN FUEL.                                                              ,water,substance,has cause,power loss,event
19800506012169A,LOST CONTROL OF AIRPLANE ON TAKEOFF ROLL. FAILED TO REMOVE AILERON-ELEVATOR LOCK PIN.                              ,lost control,action,has cause,failed to remove aileron-elevator lock pin,event
19791128035159A,"PILOT LANDED TO WAIT OUT RAIN SHOWER. ON CLIMBOUT, ENGINE RAN ROUGH. PILOT LANDED IN FIELD. CLAIMS WATER IN FUEL.  ",landed to wait out rain shower,action,has cause,rain shower,event
19791128035159A,"PILOT LANDED TO WAIT OUT RAIN SHOWER. ON CLIMBOUT, ENGINE RAN ROUGH. PILOT LANDED IN FIELD. CLAIMS WATER IN FUEL.  ",engine ran rough,event,has cause,water in fuel,event
19791128035159A,"PILOT LANDED TO WAIT OUT RAIN SHOWER. ON CLIMBOUT, ENGINE RAN ROUGH. PILOT LANDED IN FIELD. CLAIMS WATER IN FUEL.  ",pilot landed in field,action,has effect,engine ran rough,event
20060621012279A,"(-23) THE PILOT ^PRIVACY DA^ STATED THAT DURING TAKEOFF (AT ROTATION) HIS SEAT SLID BACK, CAUSING HIM TO OVERROTATE",seat slid back,event,has cause,overrotate,action
20060621012279A,"(-23) THE PILOT ^PRIVACY DA^ STATED THAT DURING TAKEOFF (AT ROTATION) HIS SEAT SLID BACK, CAUSING HIM TO OVERROTATE",seat slid back,event,has effect,overrotate,action
19950314029269I,"NARRATIVE: ON MARCH 14, 1995, N7016M, AN AMATEUR BUILT AIRCRAFT, MADE AN EMERGENCY OFF AIRPORT LANDING NEAR THE BLO",emergency off airport landing,event,time period,"March 14, 1995",date
19950314029269I,"NARRATIVE: ON MARCH 14, 1995, N7016M, AN AMATEUR BUILT AIRCRAFT, MADE AN EMERGENCY OFF AIRPORT LANDING NEAR THE BLO",N7016M,aircraft,instance of,amateur built aircraft,type
19950314029269I,"NARRATIVE: ON MARCH 14, 1995, N7016M, AN AMATEUR BUILT AIRCRAFT, MADE AN EMERGENCY OFF AIRPORT LANDING NEAR THE BLO",emergency off airport landing,event,location,near the BLO,place
19800804037399A,EARLY FUEL EXHAUSTION FROM FUEL SIPHONING FROM IMPROPERLY SECURED VENT CAP. OVERSHOT EMERGENCY LANDING AREA.       ,fuel siphoning from improperly secured vent cap,event,has cause,early fuel exhaustion,event
19800804037399A,EARLY FUEL EXHAUSTION FROM FUEL SIPHONING FROM IMPROPERLY SECURED VENT CAP. OVERSHOT EMERGENCY LANDING AREA.       ,early fuel exhaustion,event,has effect,overshot emergency landing area,event
19780402008409I,TAXIING AIRCRAFT STRUCK PARKED AIRCRAFT. FOUND WORN OUT & INEFFECTIVE BRAKES AS CAUSE.                             ,worn out & ineffective brakes,condition,has cause,struck parked aircraft,event
19890725041869I,ON ENGINE START PILOTS SEAT WENT TO FULL AFT POSITION. PUSH THROTTLE IN FULL. AIRCRAFT COLLIDED WITH PARKED PLANE. ,engine start,event,has effect,pilots seat went to full aft position,event
19890725041869I,ON ENGINE START PILOTS SEAT WENT TO FULL AFT POSITION. PUSH THROTTLE IN FULL. AIRCRAFT COLLIDED WITH PARKED PLANE. ,push throttle in full,action,has effect,aircraft collided with parked plane,event
19911222062669I,AFTER LIFTOFF PILOT NOTICED RIGHT FUEL CAP MISSING. ABORTED. LANDED ON SAME RUNWAY. RAN OFF SIDE OF RUNWAY.        ,pilot noticed right fuel cap missing,event,has effect,aborted,action
19911222062669I,AFTER LIFTOFF PILOT NOTICED RIGHT FUEL CAP MISSING. ABORTED. LANDED ON SAME RUNWAY. RAN OFF SIDE OF RUNWAY.        ,aborted,action,has effect,landed on same runway,event
19911222062669I,AFTER LIFTOFF PILOT NOTICED RIGHT FUEL CAP MISSING. ABORTED. LANDED ON SAME RUNWAY. RAN OFF SIDE OF RUNWAY.        ,landed on same runway,event,has effect,ran off side of runway,event
20030607012509A,"(-23) THE AIRCRAFT DEPARTED BARTLESVILLE MUNICIPAL AIRPORT (BVO) BARTLESVILLE, OK AT 1147 AM LOCAL TIME FOR A LOCAL",aircraft,object,departed,Bartlesville Municipal Airport,location
20030607012509A,"(-23) THE AIRCRAFT DEPARTED BARTLESVILLE MUNICIPAL AIRPORT (BVO) BARTLESVILLE, OK AT 1147 AM LOCAL TIME FOR A LOCAL",Bartlesville Municipal Airport,location,located in the administrative territorial entity,"Bartlesville, OK",location
20030607012509A,"(-23) THE AIRCRAFT DEPARTED BARTLESVILLE MUNICIPAL AIRPORT (BVO) BARTLESVILLE, OK AT 1147 AM LOCAL TIME FOR A LOCAL",departed,action,time period,1147 AM local time,time
19801005072789I,PILOT RAN OFF END OF RUNWAY WHEN REMAINING BRAKE FAILED.                                                           ,remaining brake failed,event,has effect,pilot ran off end of runway,event
19781210024199I,WHEELS LOCKED UP AFTER SEVERAL TOUCH AND GO LANDINGS DUE TO SNOW PACKED IN THE WHEEL PANTS.                        ,snow packed in the wheel pants,condition,has cause,wheels locked up,event
19781210024199I,WHEELS LOCKED UP AFTER SEVERAL TOUCH AND GO LANDINGS DUE TO SNOW PACKED IN THE WHEEL PANTS.                        ,several touch and go landings,event,followed by,wheels locked up,event
19950804028629A,LOST POWER LANDED HARD IN ROUGH WATER. DAMAGED FLOATS AND LONGERON. WATER IN FUEL. MISREAD WATER IN SUMP TO BE FUEL,lost power,action,has effect,landed hard in rough water,event
19950804028629A,LOST POWER LANDED HARD IN ROUGH WATER. DAMAGED FLOATS AND LONGERON. WATER IN FUEL. MISREAD WATER IN SUMP TO BE FUEL,landed hard in rough water,event,has effect,damaged floats and longeron,event
19950804028629A,LOST POWER LANDED HARD IN ROUGH WATER. DAMAGED FLOATS AND LONGERON. WATER IN FUEL. MISREAD WATER IN SUMP TO BE FUEL,water in fuel,condition,has cause,misread water in sump to be fuel,action
20040304003309I,"(-23) AFTER NORMAL TOUCHDOWN THE AIRCRAFT STARTED SLIDING OR HYDROPLANING TOWARD LEFT SIDE OF RUNWAY, AIRCRAFT STRU",started sliding or hydroplaning,action,has effect,toward left side of runway,event
19780427013859I,ENGINE COWLING SEPARATED FROM ENGINE IN FLIGHT.                                                                    ,engine cowling,object,has effect,separated from engine,event
20070202001609A,"(-23) ON A FLIGHT FROM NOTH PLATTE, NE, TO IOWA CITY, IA, (487 STATUTE MILES) THE AIRCRAFT LOST POWER NEAR GRINNELL","flight from North Platte, NE, to Iowa City, IA",event,event distance,487 statute miles,distance
20070202001609A,"(-23) ON A FLIGHT FROM NOTH PLATTE, NE, TO IOWA CITY, IA, (487 STATUTE MILES) THE AIRCRAFT LOST POWER NEAR GRINNELL",aircraft,object,location,near Grinnell,location
20070202001609A,"(-23) ON A FLIGHT FROM NOTH PLATTE, NE, TO IOWA CITY, IA, (487 STATUTE MILES) THE AIRCRAFT LOST POWER NEAR GRINNELL",aircraft,object,has effect,lost power,event
19780916024019A,TIE DOWN STRAP ACROSS LEFT SKID CAUGHT ON TRAILER AND TETHERED HEPER.                                              ,tie down strap across left skid,object,has effect,caught on trailer,event
19780916024019A,TIE DOWN STRAP ACROSS LEFT SKID CAUGHT ON TRAILER AND TETHERED HEPER.                                              ,caught on trailer,event,has effect,tethered heper,event
20060718018299I,(-23) THE PILOT IN COMMAND (PIC) FAILED TO ENSURE ALL FUEL TANK CAPS WERE SECURELY FASTENED PRIOR TO DEPARTURE. SUB,pilot in command,person,failed to ensure,all fuel tank caps were securely fastened,action
20040925025079A,(-23) FUEL CONTAMINATION IN AIRFRAME FUEL FILTER AS WELL AS IN FUEL FILTER AND ENGINE DRIVEN FUEL PUMP FILTER. THE ,fuel contamination,condition,located in,airframe fuel filter,component
20040925025079A,(-23) FUEL CONTAMINATION IN AIRFRAME FUEL FILTER AS WELL AS IN FUEL FILTER AND ENGINE DRIVEN FUEL PUMP FILTER. THE ,fuel contamination,condition,located in,fuel filter,component
20040925025079A,(-23) FUEL CONTAMINATION IN AIRFRAME FUEL FILTER AS WELL AS IN FUEL FILTER AND ENGINE DRIVEN FUEL PUMP FILTER. THE ,fuel contamination,condition,located in,engine driven fuel pump filter,component
19961027033759A,PRIOR DEMO FLIGHT. CONNECTING ROD BENT BY HYDRO LOCK IN NR5 CYL ON STARTUP. BROKE. HIT COUNTER WT. BROKE PORP SHAFT,hydro lock in NR5 cyl on startup,event,has effect,connecting rod bent,event
19961027033759A,PRIOR DEMO FLIGHT. CONNECTING ROD BENT BY HYDRO LOCK IN NR5 CYL ON STARTUP. BROKE. HIT COUNTER WT. BROKE PORP SHAFT,connecting rod bent,event,has effect,broke,event
19961027033759A,PRIOR DEMO FLIGHT. CONNECTING ROD BENT BY HYDRO LOCK IN NR5 CYL ON STARTUP. BROKE. HIT COUNTER WT. BROKE PORP SHAFT,broke,event,has effect,hit counter wt,event
19961027033759A,PRIOR DEMO FLIGHT. CONNECTING ROD BENT BY HYDRO LOCK IN NR5 CYL ON STARTUP. BROKE. HIT COUNTER WT. BROKE PORP SHAFT,hit counter wt,event,has effect,broke porp shaft,event
19870309039779I,"WHILE TAXIING, THE AIRCRAFT STRUCK N106DA WHICH WAS PARKED.  PILOT WAS UNAWARE OF BRAKE PROBLEMS ON THE AIRCRAFT.  ",aircraft,object,has effect,struck N106DA,event
19870309039779I,"WHILE TAXIING, THE AIRCRAFT STRUCK N106DA WHICH WAS PARKED.  PILOT WAS UNAWARE OF BRAKE PROBLEMS ON THE AIRCRAFT.  ",brake problems,issue,influenced by,pilot was unaware,condition
20020619014309A,"(-23) N759TY, CE-182 WAS EN ROUTE FROM HOT SPRINGS, ARKANSAS TO FAYETTEVILLE, TENNESSEE, WHEN THE AIRCRAFT ENGINE Q",en route,action,location,"from Hot Springs, Arkansas",place
20020619014309A,"(-23) N759TY, CE-182 WAS EN ROUTE FROM HOT SPRINGS, ARKANSAS TO FAYETTEVILLE, TENNESSEE, WHEN THE AIRCRAFT ENGINE Q",en route,action,location,"to Fayetteville, Tennessee",place
19951031041599A,ON CLIMBOUT NOSE BAGGAGE DOOR OPENED. REDUCED POWER. STALLED. ROLLED. DIVED INTO OCEAN. TEST FLIGHT FROM STORAGE.  ,nose baggage door opened,event,has effect,reduced power,action
19951031041599A,ON CLIMBOUT NOSE BAGGAGE DOOR OPENED. REDUCED POWER. STALLED. ROLLED. DIVED INTO OCEAN. TEST FLIGHT FROM STORAGE.  ,reduced power,action,has effect,stalled,event
19951031041599A,ON CLIMBOUT NOSE BAGGAGE DOOR OPENED. REDUCED POWER. STALLED. ROLLED. DIVED INTO OCEAN. TEST FLIGHT FROM STORAGE.  ,stalled,event,has effect,rolled,event
19951031041599A,ON CLIMBOUT NOSE BAGGAGE DOOR OPENED. REDUCED POWER. STALLED. ROLLED. DIVED INTO OCEAN. TEST FLIGHT FROM STORAGE.  ,rolled,event,has effect,dived into ocean,event
19951031041599A,ON CLIMBOUT NOSE BAGGAGE DOOR OPENED. REDUCED POWER. STALLED. ROLLED. DIVED INTO OCEAN. TEST FLIGHT FROM STORAGE.  ,test flight,event,location,storage,location
19850729066139I,ELEVATOR CONTROL JAMMED SHEN HARNESS CAUGHT ON ELEVATOR CABLE. STICK BOOT NOT FASTENED TO FLOOR. LANDED IN A FIELD.,harness caught on elevator cable,event,has cause,elevator control jammed,action
19850729066139I,ELEVATOR CONTROL JAMMED SHEN HARNESS CAUGHT ON ELEVATOR CABLE. STICK BOOT NOT FASTENED TO FLOOR. LANDED IN A FIELD.,landed in a field,event,has cause,elevator control jammed,action
19940226003029A,LOST POWER EN ROUTE. LANDED ON PRIVATE STRIP. NOSED OVER. LEFT FUEL CAP LEAKED. PREVENTED GRAVITY FUEL FLOW.       ,lost power,action,has effect,landed on private strip,event
19940226003029A,LOST POWER EN ROUTE. LANDED ON PRIVATE STRIP. NOSED OVER. LEFT FUEL CAP LEAKED. PREVENTED GRAVITY FUEL FLOW.       ,lost power,action,has effect,nosed over,event
19940226003029A,LOST POWER EN ROUTE. LANDED ON PRIVATE STRIP. NOSED OVER. LEFT FUEL CAP LEAKED. PREVENTED GRAVITY FUEL FLOW.       ,left fuel cap leaked,event,has effect,prevented gravity fuel flow,event
19780111000459A,ACFT DISPATCHER HARRASSMENT OF PILOT. PILOT FORGOT TO REMOVE TIEDROPE.                                             ,ACFT dispatcher harassment,event,has effect,pilot forgot to remove tiedrope,event
20010411006739I,"(-23) THE HELICOPTER WAS IDLING ON THE HELIPAD, AND THE RPM CONTROL WAS BROUGHT UP TO FLY POSITION FOR THE TAKEOFF.",RPM control was brought up to fly position,action,has effect,takeoff,event
19870816062719I,"A COPPER TUBE, USED TO HOLD AERIAL BANNERS, FELL THROUGH THE ROOF OF A HOUSE. LOCAL OPERATOR IS BEING MONITORED.   ",copper tube,object,used by,hold aerial banners,action
19870816062719I,"A COPPER TUBE, USED TO HOLD AERIAL BANNERS, FELL THROUGH THE ROOF OF A HOUSE. LOCAL OPERATOR IS BEING MONITORED.   ",copper tube,object,has effect,fell through the roof of a house,event
19980620030289I,"MR. KADERA THEN ATTEMPTED TO LAND IN A FIELD BUT WAS FORCED TO LAND ON HIGHWAY 93. THREE MILES EAST OF SUNMER, IOWA",attempted to land in a field,action,has effect,was forced to land on Highway 93,event
19980620030289I,"MR. KADERA THEN ATTEMPTED TO LAND IN A FIELD BUT WAS FORCED TO LAND ON HIGHWAY 93. THREE MILES EAST OF SUNMER, IOWA",Highway 93,location,event distance,"three miles east of Sunmer, Iowa",location
19980620030289I,"MR. KADERA THEN ATTEMPTED TO LAND IN A FIELD BUT WAS FORCED TO LAND ON HIGHWAY 93. THREE MILES EAST OF SUNMER, IOWA","Sunmer, Iowa",location,located in the administrative territorial entity,Iowa,location
19990923027739A,"(.19) ON SEPTEMBER 23, 1999, AT 1900 HOURS PACIFIC DAYLIGHT TIME, A HOMEBUILT CIERNIA GLASAIR III, N153JC, EXPERIEN","September 23, 1999",date,time period,1900 hours Pacific Daylight Time,time
19980415037339I,(-5)NOSE BAGGAGE CARGO CONSISTING OF A WOODEN WHEEL CHOCK SHIFTED DURING FLIGHT AND JAMMED THE NOSE LANDING GEAR ME,wooden wheel chock,object,shifted during,flight,event
19980415037339I,(-5)NOSE BAGGAGE CARGO CONSISTING OF A WOODEN WHEEL CHOCK SHIFTED DURING FLIGHT AND JAMMED THE NOSE LANDING GEAR ME,wooden wheel chock,object,has effect,jammed the nose landing gear,event
19950826026019A,"EXPLOSION LIFTING LOGS. PITCHED UP, ROLLED. COMPRESSOR STALL NR1 ENGINE. FAILED RELEASE LOGS AND USE SE PROCEDURES.",explosion,event,has effect,lifting logs,action
19950826026019A,"EXPLOSION LIFTING LOGS. PITCHED UP, ROLLED. COMPRESSOR STALL NR1 ENGINE. FAILED RELEASE LOGS AND USE SE PROCEDURES.",pitched up,action,followed by,rolled,action
19950826026019A,"EXPLOSION LIFTING LOGS. PITCHED UP, ROLLED. COMPRESSOR STALL NR1 ENGINE. FAILED RELEASE LOGS AND USE SE PROCEDURES.",compressor stall,event,has effect,NR1 engine,object
19950826026019A,"EXPLOSION LIFTING LOGS. PITCHED UP, ROLLED. COMPRESSOR STALL NR1 ENGINE. FAILED RELEASE LOGS AND USE SE PROCEDURES.",failed release logs,action,has effect,use SE procedures,action
20000215041409A,"(.19) ON FEBRUARY 19, 2000, AT 1825 EASTERN STANDARD TIME, A BEECH 1900D, N81SK, OPERATED AS SKYWAY AIRLINE FLIGHT ","February 19, 2000",date,time period,1825 Eastern Standard Time,time
20000215041409A,"(.19) ON FEBRUARY 19, 2000, AT 1825 EASTERN STANDARD TIME, A BEECH 1900D, N81SK, OPERATED AS SKYWAY AIRLINE FLIGHT ","Beech 1900D, N81SK",aircraft,operated as,Skyway Airline Flight,flight
19860514036219I,GROUND LOOPED ON LANDING. TAILWHEEL WAS FOUND JAMMED FAR RIGHT.                                                    ,ground looped on landing,event,has cause,tailwheel was found jammed far right,condition
19880527016939A,ENGINE QUIT ON INITIAL CLIMBOUT. CRASH LANDED AVOIDING TREES. FOUND SELECTED FUEL TANK EMPTY. TRIP WAS TO GET FUEL.,engine quit,action,has effect,crash landed,event
19880527016939A,ENGINE QUIT ON INITIAL CLIMBOUT. CRASH LANDED AVOIDING TREES. FOUND SELECTED FUEL TANK EMPTY. TRIP WAS TO GET FUEL.,crash landed,action,has effect,avoiding trees,event
19880527016939A,ENGINE QUIT ON INITIAL CLIMBOUT. CRASH LANDED AVOIDING TREES. FOUND SELECTED FUEL TANK EMPTY. TRIP WAS TO GET FUEL.,found selected fuel tank empty,event,has cause,engine quit,action
19880527016939A,ENGINE QUIT ON INITIAL CLIMBOUT. CRASH LANDED AVOIDING TREES. FOUND SELECTED FUEL TANK EMPTY. TRIP WAS TO GET FUEL.,trip,event,has effect,to get fuel,action
19960418007829A,CRASHED AND BURNED. (.4)WITNESSES REPORTED THAT AFTER DEPARTURE FROM A GRASS RUNWAY. THE AIRPLANE REACHED AN ALTITU,crashed and burned,event,has effect,witnesses reported,action
19960418007829A,CRASHED AND BURNED. (.4)WITNESSES REPORTED THAT AFTER DEPARTURE FROM A GRASS RUNWAY. THE AIRPLANE REACHED AN ALTITU,departure,event,followed by,crashed and burned,event
19960418007829A,CRASHED AND BURNED. (.4)WITNESSES REPORTED THAT AFTER DEPARTURE FROM A GRASS RUNWAY. THE AIRPLANE REACHED AN ALTITU,departure,event,location,grass runway,place
19970828026989A,LOUD POP ON TAKEOFF ROLL. LOST RUDDER CONTROL. EXITED RWY INTO CORNFIELD. HAD FAILED TO LOCK THE TAILWHEEL. (-23) M,loud pop,event,has effect,lost rudder control,action
19970828026989A,LOUD POP ON TAKEOFF ROLL. LOST RUDDER CONTROL. EXITED RWY INTO CORNFIELD. HAD FAILED TO LOCK THE TAILWHEEL. (-23) M,lost rudder control,action,has effect,exited rwy into cornfield,event
19970828026989A,LOUD POP ON TAKEOFF ROLL. LOST RUDDER CONTROL. EXITED RWY INTO CORNFIELD. HAD FAILED TO LOCK THE TAILWHEEL. (-23) M,failed to lock the tailwheel,action,has cause,lost rudder control,action
19870523018729A,"CANOPY CAME OPEN ON CLIMBOUT CAUSING AN UNCONTROLLED GROUND COLLISION, NO DEFECTS REPORTED. APPEARS PILOT ERROR.   ",canopy came open,event,has cause,pilot error,action
19870523018729A,"CANOPY CAME OPEN ON CLIMBOUT CAUSING AN UNCONTROLLED GROUND COLLISION, NO DEFECTS REPORTED. APPEARS PILOT ERROR.   ",canopy came open,event,has effect,uncontrolled ground collision,event
20030620012809I,(-23) PILOT FAILED TO ASSURE THE OIL FILLER CAP WAS SECURE AND TOOK OFF. OIL WAS OBSERVED COMING OUT OF THE ENGINE ,pilot failed to assure the oil filler cap was secure,action,has effect,oil was observed coming out of the engine,event
20030620012809I,(-23) PILOT FAILED TO ASSURE THE OIL FILLER CAP WAS SECURE AND TOOK OFF. OIL WAS OBSERVED COMING OUT OF THE ENGINE ,pilot failed to assure the oil filler cap was secure,action,has effect,took off,event
