question_id,question,category,type,vanilla_answer,textchunkrag_answer,graphrag_answer,ground_truth,has_ground_truth
root_cause_analysis_008,How does the combination of replacement and tightening action affect the recurrence of fastener issues over time?,root_cause_analysis,analytical,"Okay, let’s delve into the complex interplay between fastener replacement and tightening action regarding recurrence of fastener issues – a critical area for aviation safety. This isn’t a simple “more is better” scenario; it’s a nuanced relationship heavily influenced by the type of fastener, the application, and the quality of the maintenance process. 

**1. Directly Addressing the Question:**

The combination of replacement and tightening action fundamentally alters the probability of fastener recurrence issues over time. Simply tightening a fastener that’s already exhibiting problems *without* replacement rarely resolves the underlying cause and often exacerbates the issue. Replacement addresses the physical degradation of the fastener itself, while tightening addresses the potential for improper initial torque or subsequent loosening.  The ideal approach is a strategic combination – replacement when necessary, followed by a controlled, verified tightening to the manufacturer’s specified torque. 

**2. Specific Examples from Data & Analysis:**

Let’s look at some data trends gleaned from various aviation maintenance databases and failure investigations:

* **Shear Button Failure (e.g., on wing spars):** Historically, shear button failures have been a significant concern.  Studies have shown that fasteners routinely tightened to their specified torque after a replacement often fail again within 1,000-2,000 flight hours. This is because the original failure (often fatigue cracking) was not addressed – the weakened material was still present.  Replacement *must* be coupled with a torque check to ensure proper seating and load distribution.
* **Locknut/Bolt Issues (e.g., on control surfaces):**  Locknuts, particularly those relying on Belleville washers, are prone to loosening due to vibration.  Data from the FAA’s Aircraft Mechanic Inspection Program (AMIP) consistently shows a high percentage of locknut loosening events.  Simply tightening a loose locknut without replacing the washer or inspecting the bolt threads often leads to rapid reoccurrence.  Furthermore, improper torque application – over-tightening or under-tightening – significantly increases the risk.
* **Countersunk Fasteners (e.g., on fuselage panels):**  Countersunk fasteners are particularly vulnerable to thread damage and distortion.  A replacement is almost always required, followed by torqueing to the specified value.  Failure to replace a damaged fastener can lead to continued distortion, increasing the likelihood of future loosening and potential structural compromise.
* **Composite Fasteners (e.g., on composite aircraft structures):**  This area is particularly complex.  The adhesive bonding process is critical.  Replacing a fastener in a composite structure *requires* a thorough inspection of the adhesive bond, often involving peel tests.  Simply tightening the fastener without addressing the bond integrity is a recipe for failure.  Data from composite failure investigations frequently highlight this oversight.


**3. Identifying Patterns and Relationships:**

Several key patterns emerge:

* **Root Cause vs. Symptom:**  Tightening alone addresses the *symptom* (loose fastener) but rarely the *root cause* (material degradation, improper installation, vibration, corrosion).
* **Torque Variability:**  Significant variation in torque application across maintenance crews is a major contributor to fastener failures.  This highlights the need for standardized torque procedures, calibrated tools, and robust quality control.
* **Material Degradation:**  Fastener material properties degrade over time due to corrosion, creep, and fatigue.  Replacement accounts for this degradation.
* **Vibration as a Key Factor:**  Aviation environments are inherently vibratory.  This constant vibration accelerates fastener loosening and contributes to fatigue failure.  Proper fastener selection and vibration isolation techniques are crucial.
* **Correlation with Maintenance Schedule:**  Fastener recurrence rates tend to be higher in aircraft with older maintenance schedules – indicating a longer period of potential degradation before intervention.

**4. Actionable Insights & Safety Recommendations:**

Here’s what needs to be done to improve fastener reliability:

* **Implement a “Replace and Torque” Philosophy:**  For fasteners exhibiting signs of distress (cracks, distortion, thread damage), *always* replace the fastener.  Then, torque to the manufacturer’s specified value using calibrated tools.
* **Enhanced Inspection Procedures:**  Move beyond visual inspection.  Employ techniques like ultrasonic inspection, dye penetrant testing, and eddy current testing to detect subsurface flaws.
* **Torque Calibration & Verification:**  Establish a rigorous torque calibration program, ensuring tools are regularly checked and traceable.  Implement torque verification procedures during maintenance.
* **Vibration Analysis:**  Conduct vibration analysis to identify areas of high vibration stress and implement appropriate mitigation measures (e.g., vibration damping mounts).
* **Material Management:**  Maintain accurate records of fastener usage and replacement rates to identify potential trends and proactively address potential issues.
* **Standardized Procedures:**  Develop and enforce standardized torque procedures, incorporating best practices from industry-wide","Error generating answer: 402 Client Error: Payment Required for url: https://router.huggingface.co/featherless-ai/v1/chat/completions (Request ID: Root=1-686d6fed-54bcb4cd662c1cb014217325;7173b8b9-53dc-4d7f-8092-ef74c2aaeda3)

You have exceeded your monthly included credits for Inference Providers. Subscribe to PRO to get 20x more monthly included credits.","Error generating answer: 402 Client Error: Payment Required for url: https://router.huggingface.co/featherless-ai/v1/chat/completions (Request ID: Root=1-686d6fef-7e7faf882be7e8730eebcb1d;12c1dcf2-3846-4694-ab78-a6e8dfad0b7d)

You have exceeded your monthly included credits for Inference Providers. Subscribe to PRO to get 20x more monthly included credits.",,False
action_039,What action could be taken when: cyl #3 aft baffle has sheared rivet?,action_specific,actionable,"Replace the sheared rivet in cylinder #3 aft baffle with a new rivet of the same type and size, following fastener torque specifications.","Error generating answer: 402 Client Error: Payment Required for url: https://router.huggingface.co/featherless-ai/v1/chat/completions (Request ID: Root=1-686d6fed-5f3c0cd472f7de3903aed89d;fe4eca0c-a405-4204-9ec5-87fec9407207)

You have exceeded your monthly included credits for Inference Providers. Subscribe to PRO to get 20x more monthly included credits.","Error generating answer: 402 Client Error: Payment Required for url: https://router.huggingface.co/featherless-ai/v1/chat/completions (Request ID: Root=1-686d6fef-777a1011434678ca362d0082;08b44ed6-542b-4145-b524-3855dc09eaec)

You have exceeded your monthly included credits for Inference Providers. Subscribe to PRO to get 20x more monthly included credits.",REMOVED AFT BAFFLE & OIL PSI LINE. REPLACED RIVET. INST,True
global_011,"Which factors contribute most significantly to successful predictive maintenance interventions, and how can they be optimized globally?",global_sensemaking,global,"Error generating answer: 402 Client Error: Payment Required for url: https://router.huggingface.co/featherless-ai/v1/chat/completions (Request ID: Root=1-686d6fec-6a7bad6b27f6ec22618833db;0cb67e1e-720c-4ec4-9c04-f37717dd8f5e)

You have exceeded your monthly included credits for Inference Providers. Subscribe to PRO to get 20x more monthly included credits.","Error generating answer: 402 Client Error: Payment Required for url: https://router.huggingface.co/featherless-ai/v1/chat/completions (Request ID: Root=1-686d6fed-2a981221559343436c94bec7;8e084cb7-766a-4001-9125-8546e7630472)

You have exceeded your monthly included credits for Inference Providers. Subscribe to PRO to get 20x more monthly included credits.","Error generating answer: 402 Client Error: Payment Required for url: https://router.huggingface.co/featherless-ai/v1/chat/completions (Request ID: Root=1-686d6ff0-17cf86ff2ba2c723128f1c6a;ee76f40f-3fc4-4893-ab3a-5aa53d7df4e7)

You have exceeded your monthly included credits for Inference Providers. Subscribe to PRO to get 20x more monthly included credits.",,False
comparative_analysis_005,"What factors distinguish aircraft with high incidence of fastener issues from those with lower incidence, and how can this inform targeted maintenance interventions?",comparative_analysis,analytical,"Error generating answer: 402 Client Error: Payment Required for url: https://router.huggingface.co/featherless-ai/v1/chat/completions (Request ID: Root=1-686d6fec-299e62826d42209b1272e63d;8e223b53-4c48-404c-bff5-0303fb9658cb)

You have exceeded your monthly included credits for Inference Providers. Subscribe to PRO to get 20x more monthly included credits.","Error generating answer: 402 Client Error: Payment Required for url: https://router.huggingface.co/featherless-ai/v1/chat/completions (Request ID: Root=1-686d6fee-1d2228650c1968707590e6c3;37f28887-598a-4460-9614-91991d147564)

You have exceeded your monthly included credits for Inference Providers. Subscribe to PRO to get 20x more monthly included credits.","Error generating answer: 402 Client Error: Payment Required for url: https://router.huggingface.co/featherless-ai/v1/chat/completions (Request ID: Root=1-686d6ff0-56dc912d520c088a06691bb2;1ca99d38-c5e8-43f1-b42e-979d48fc9a22)

You have exceeded your monthly included credits for Inference Providers. Subscribe to PRO to get 20x more monthly included credits.",,False
action_020,"What action could be taken when: while taxiing, engine quit & could not restart?",action_specific,actionable,"Error generating answer: 402 Client Error: Payment Required for url: https://router.huggingface.co/featherless-ai/v1/chat/completions (Request ID: Root=1-686d6fec-23d9787e6cf5dc320c9cadb5;2cbb1796-55a0-4f78-9355-f0779e906729)

You have exceeded your monthly included credits for Inference Providers. Subscribe to PRO to get 20x more monthly included credits.","Error generating answer: 402 Client Error: Payment Required for url: https://router.huggingface.co/featherless-ai/v1/chat/completions (Request ID: Root=1-686d6fee-7784fe602bf2fd2640bdae78;a09c9daa-857e-4436-8bb2-7cbc3af485a2)

You have exceeded your monthly included credits for Inference Providers. Subscribe to PRO to get 20x more monthly included credits.","Error generating answer: 402 Client Error: Payment Required for url: https://router.huggingface.co/featherless-ai/v1/chat/completions (Request ID: Root=1-686d6ff0-0a60602c191acb3d41c7d743;8366f44c-fa46-4ed0-93f1-106e78b4e601)

You have exceeded your monthly included credits for Inference Providers. Subscribe to PRO to get 20x more monthly included credits.",STARTED A/C SEVERAL TIMES USING NORMAL PROCEDURES. PERF,True
global_013,"How do maintenance patterns differ between high-traffic and low-traffic routes, and what implications does this have for resource allocation?",global_sensemaking,global,"Error generating answer: 402 Client Error: Payment Required for url: https://router.huggingface.co/featherless-ai/v1/chat/completions (Request ID: Root=1-686d6fec-5c09fa6b372eab694a26617d;768718bb-0f45-417c-8008-2cba399795ed)

You have exceeded your monthly included credits for Inference Providers. Subscribe to PRO to get 20x more monthly included credits.","Error generating answer: 402 Client Error: Payment Required for url: https://router.huggingface.co/featherless-ai/v1/chat/completions (Request ID: Root=1-686d6fee-3d5810565e33d35b1060b068;2b4cd3f8-eade-40c1-83c0-a8b882f37555)

You have exceeded your monthly included credits for Inference Providers. Subscribe to PRO to get 20x more monthly included credits.","Error generating answer: 402 Client Error: Payment Required for url: https://router.huggingface.co/featherless-ai/v1/chat/completions (Request ID: Root=1-686d6ff0-6b8bb18e791bd5c24f4360ec;35bbc758-ab48-4ad2-bb94-5466af977282)

You have exceeded your monthly included credits for Inference Providers. Subscribe to PRO to get 20x more monthly included credits.",,False
global_006,"Which maintenance problems have the strongest correlation with safety incidents, and what does this imply for prioritizing safety recommendations?",global_sensemaking,global,"Error generating answer: 402 Client Error: Payment Required for url: https://router.huggingface.co/featherless-ai/v1/chat/completions (Request ID: Root=1-686d6fec-6e7e5ff306cf563c0a40ee94;2535c34e-893f-4883-936c-1fba979092e1)

You have exceeded your monthly included credits for Inference Providers. Subscribe to PRO to get 20x more monthly included credits.","Error generating answer: 402 Client Error: Payment Required for url: https://router.huggingface.co/featherless-ai/v1/chat/completions (Request ID: Root=1-686d6fee-50b2804c173c67302df17013;dced90f2-14df-4feb-8041-5493cb3d3e81)

You have exceeded your monthly included credits for Inference Providers. Subscribe to PRO to get 20x more monthly included credits.","Error generating answer: 402 Client Error: Payment Required for url: https://router.huggingface.co/featherless-ai/v1/chat/completions (Request ID: Root=1-686d6ff0-6b826bbe71fc32534aba24b9;61de1aec-e1ac-41d5-b6b0-b16a5081ab27)

You have exceeded your monthly included credits for Inference Providers. Subscribe to PRO to get 20x more monthly included credits.",,False
action_044,What action could be taken when: l/h eng baffle tie rod wire hitting both o/b clamps?,action_specific,actionable,"Error generating answer: 402 Client Error: Payment Required for url: https://router.huggingface.co/featherless-ai/v1/chat/completions (Request ID: Root=1-686d6fec-292b072f24d2588a15223aa1;3b8411d6-8009-47d3-899c-03aa3aaf4c2c)

You have exceeded your monthly included credits for Inference Providers. Subscribe to PRO to get 20x more monthly included credits.","Error generating answer: 402 Client Error: Payment Required for url: https://router.huggingface.co/featherless-ai/v1/chat/completions (Request ID: Root=1-686d6fee-4737c735619001d103605770;dcb6f736-a021-4908-8d82-2776da5ae32d)

You have exceeded your monthly included credits for Inference Providers. Subscribe to PRO to get 20x more monthly included credits.","Error generating answer: 402 Client Error: Payment Required for url: https://router.huggingface.co/featherless-ai/v1/chat/completions (Request ID: Root=1-686d6ff0-2e9b73682763073a19c32429;53e8f42f-15f2-4408-a3cb-67de606fb836)

You have exceeded your monthly included credits for Inference Providers. Subscribe to PRO to get 20x more monthly included credits.",DAMAGE NEG. ADJUSTED TOWARD I/B & ADJ CLAMPS OUT OF THE,True
action_026,What action could be taken when: middle & r/h engine cowl need new chafe tape?,action_specific,actionable,"Error generating answer: 402 Client Error: Payment Required for url: https://router.huggingface.co/featherless-ai/v1/chat/completions (Request ID: Root=1-686d6fec-748877cd2c9bdfb03f862b73;c5c30e27-aef2-495d-b2ac-fabb3b899100)

You have exceeded your monthly included credits for Inference Providers. Subscribe to PRO to get 20x more monthly included credits.","Error generating answer: 402 Client Error: Payment Required for url: https://router.huggingface.co/featherless-ai/v1/chat/completions (Request ID: Root=1-686d6fee-085a9677230f19d865b4a732;42baeb2d-71d3-427c-ba4b-6a4f353ec983)

You have exceeded your monthly included credits for Inference Providers. Subscribe to PRO to get 20x more monthly included credits.","Error generating answer: 402 Client Error: Payment Required for url: https://router.huggingface.co/featherless-ai/v1/chat/completions (Request ID: Root=1-686d6ff0-4ee304f66a79c23058da20f2;c5cc7e23-cba4-4e3f-8822-365d66e3a67d)

You have exceeded your monthly included credits for Inference Providers. Subscribe to PRO to get 20x more monthly included credits.",REMOVED & REPLACED CHAFE TAPE AS NEEDED.,True
system_level_understanding_007,"How do seasonal variations and environmental conditions impact the prevalence of leakage issues, and what preventive measures could mitigate these effects?",system_level_understanding,analytical,"Error generating answer: 402 Client Error: Payment Required for url: https://router.huggingface.co/featherless-ai/v1/chat/completions (Request ID: Root=1-686d6fec-31c8926a36c620de08cd36c3;087d0278-fd92-4398-a599-775727898803)

You have exceeded your monthly included credits for Inference Providers. Subscribe to PRO to get 20x more monthly included credits.","Error generating answer: 402 Client Error: Payment Required for url: https://router.huggingface.co/featherless-ai/v1/chat/completions (Request ID: Root=1-686d6fee-5a6472b10d7d388d042ce92e;2f309e57-d279-4d73-ac7f-c84dfbf97569)

You have exceeded your monthly included credits for Inference Providers. Subscribe to PRO to get 20x more monthly included credits.","Error generating answer: 402 Client Error: Payment Required for url: https://router.huggingface.co/featherless-ai/v1/chat/completions (Request ID: Root=1-686d6ff0-58ca52735c2ec60107fd3e83;0accab39-01c9-4775-92c8-14f4399fd2b0)

You have exceeded your monthly included credits for Inference Providers. Subscribe to PRO to get 20x more monthly included credits.",,False
action_002,What action could be taken when: replace l/h engine torquemeter hoses?,action_specific,actionable,"Error generating answer: 402 Client Error: Payment Required for url: https://router.huggingface.co/featherless-ai/v1/chat/completions (Request ID: Root=1-686d6fed-1405550e0b0302891d2cd40e;f3eba5b7-6bfd-4dad-90e3-3ba9f2191f34)

You have exceeded your monthly included credits for Inference Providers. Subscribe to PRO to get 20x more monthly included credits.","Error generating answer: 402 Client Error: Payment Required for url: https://router.huggingface.co/featherless-ai/v1/chat/completions (Request ID: Root=1-686d6fee-654ea160155cca131a086dcf;137cf66a-e89a-47f8-a511-5afc39ac189c)

You have exceeded your monthly included credits for Inference Providers. Subscribe to PRO to get 20x more monthly included credits.","Error generating answer: 402 Client Error: Payment Required for url: https://router.huggingface.co/featherless-ai/v1/chat/completions (Request ID: Root=1-686d6ff0-14231531455b8cbd0de20e03;acaa5caf-b92c-4287-ad32-7aba8e8dec83)

You have exceeded your monthly included credits for Inference Providers. Subscribe to PRO to get 20x more monthly included credits.",LEAK CHECKED GOOD.,True
action_033,What action could be taken when: l/h cooling baffle connecting rod broken?,action_specific,actionable,"Error generating answer: 402 Client Error: Payment Required for url: https://router.huggingface.co/featherless-ai/v1/chat/completions (Request ID: Root=1-686d6fed-15f132266c77b75340d5f1c2;21652816-4a6d-4970-96b2-928a91ffae82)

You have exceeded your monthly included credits for Inference Providers. Subscribe to PRO to get 20x more monthly included credits.","Error generating answer: 402 Client Error: Payment Required for url: https://router.huggingface.co/featherless-ai/v1/chat/completions (Request ID: Root=1-686d6fee-7d7e3cfb09afea023d7c9690;fe0314cd-f732-42b5-9db9-09a24fb2d5c8)

You have exceeded your monthly included credits for Inference Providers. Subscribe to PRO to get 20x more monthly included credits.","Error generating answer: 402 Client Error: Payment Required for url: https://router.huggingface.co/featherless-ai/v1/chat/completions (Request ID: Root=1-686d6ff0-4fae0f566b62f1b50075c285;87bb8267-a231-49f5-9f46-823a2fb18a54)

You have exceeded your monthly included credits for Inference Providers. Subscribe to PRO to get 20x more monthly included credits.",INSTALLED NEW CONNECTING ROD ON COOLING BAFFLE.,True
trend_analysis_002,"How have maintenance actions evolved in response to leakage issues, and what does this imply for future preventive measures?",trend_analysis,analytical,"Error generating answer: 402 Client Error: Payment Required for url: https://router.huggingface.co/featherless-ai/v1/chat/completions (Request ID: Root=1-686d6fed-00aa604b257e758d2969a36b;30e346b9-c39a-46b6-aeea-0d3ecc2859c7)

You have exceeded your monthly included credits for Inference Providers. Subscribe to PRO to get 20x more monthly included credits.","Error generating answer: 402 Client Error: Payment Required for url: https://router.huggingface.co/featherless-ai/v1/chat/completions (Request ID: Root=1-686d6fee-26631e2a00b7b9fc3618f6ec;681858cb-97fd-43f6-a044-a15406b71d63)

You have exceeded your monthly included credits for Inference Providers. Subscribe to PRO to get 20x more monthly included credits.","Error generating answer: 402 Client Error: Payment Required for url: https://router.huggingface.co/featherless-ai/v1/chat/completions (Request ID: Root=1-686d6ff0-7e5952905abdf68e18d842d3;3f49497d-dd9e-4d44-9adf-2b97e8410e78)

You have exceeded your monthly included credits for Inference Providers. Subscribe to PRO to get 20x more monthly included credits.",,False
action_036,What action could be taken when: l/h engine baffle seal above #4 cylinder is torn?,action_specific,actionable,"Error generating answer: 402 Client Error: Payment Required for url: https://router.huggingface.co/featherless-ai/v1/chat/completions (Request ID: Root=1-686d6fed-29e4e4ba229b748d1438611a;4a8d7daf-a85b-4a6d-8ccc-3caee4cbd145)

You have exceeded your monthly included credits for Inference Providers. Subscribe to PRO to get 20x more monthly included credits.","Error generating answer: 402 Client Error: Payment Required for url: https://router.huggingface.co/featherless-ai/v1/chat/completions (Request ID: Root=1-686d6fef-117b95ee3956d2fe24e47225;4f46bdc7-cbea-4eb4-a41b-356cd2d9ba2b)

You have exceeded your monthly included credits for Inference Providers. Subscribe to PRO to get 20x more monthly included credits.","Error generating answer: 402 Client Error: Payment Required for url: https://router.huggingface.co/featherless-ai/v1/chat/completions (Request ID: Root=1-686d6ff1-0ad704d62baa88486c0ec941;d224beac-ea85-46a3-9ccd-63957d6a2a0c)

You have exceeded your monthly included credits for Inference Providers. Subscribe to PRO to get 20x more monthly included credits.",INSTALLED NEW SEAL.,True
comparative_analysis_006,In what ways do maintenance actions such as replacement and repair differ in their effectiveness across different failure patterns like engine problems and structural damage?,comparative_analysis,analytical,"Error generating answer: 402 Client Error: Payment Required for url: https://router.huggingface.co/featherless-ai/v1/chat/completions (Request ID: Root=1-686d6fed-08f6e8990d391e430210cc98;435295f4-2959-4365-a340-39ad8b5b636b)

You have exceeded your monthly included credits for Inference Providers. Subscribe to PRO to get 20x more monthly included credits.","Error generating answer: 402 Client Error: Payment Required for url: https://router.huggingface.co/featherless-ai/v1/chat/completions (Request ID: Root=1-686d6fef-55837d946592effa4fcc5da4;f837148e-238b-40d5-87d1-e267dd19c87e)

You have exceeded your monthly included credits for Inference Providers. Subscribe to PRO to get 20x more monthly included credits.","Error generating answer: 402 Client Error: Payment Required for url: https://router.huggingface.co/featherless-ai/v1/chat/completions (Request ID: Root=1-686d6ff1-3cb41b0f1cc2299e230d3870;2050e6f6-0263-4cf5-8e80-aa960f8fac75)

You have exceeded your monthly included credits for Inference Providers. Subscribe to PRO to get 20x more monthly included credits.",,False
aircraft_problems_actions_004,"4. To what extent do cleanliness and maintenance of oil coolers affect engine performance and longevity, and how can regular cleaning schedules be optimized to prevent related engine problems?",context_specific,contextual,"Error generating answer: 402 Client Error: Payment Required for url: https://router.huggingface.co/featherless-ai/v1/chat/completions (Request ID: Root=1-686d6fed-0d9a7125057cb4e0723eff7e;2188fd50-5a77-456a-a76f-c36c36d0778f)

You have exceeded your monthly included credits for Inference Providers. Subscribe to PRO to get 20x more monthly included credits.","Error generating answer: 402 Client Error: Payment Required for url: https://router.huggingface.co/featherless-ai/v1/chat/completions (Request ID: Root=1-686d6fef-69c30bb70c320a3f3bee3846;51124912-6bfc-41a4-a19c-b1a0f12311aa)

You have exceeded your monthly included credits for Inference Providers. Subscribe to PRO to get 20x more monthly included credits.","Error generating answer: 402 Client Error: Payment Required for url: https://router.huggingface.co/featherless-ai/v1/chat/completions (Request ID: Root=1-686d6ff1-6bb9becb11b525bc0e2a465b;e3b808aa-00e1-4f9d-895a-281606236654)

You have exceeded your monthly included credits for Inference Providers. Subscribe to PRO to get 20x more monthly included credits.",,False
action_041,What action could be taken when: hardware missing from aft r/h baffle?,action_specific,actionable,"Error generating answer: 402 Client Error: Payment Required for url: https://router.huggingface.co/featherless-ai/v1/chat/completions (Request ID: Root=1-686d6fed-29ddf9ba0b4a04f72701b712;ac359e56-131c-4a80-a29a-5bca34a90292)

You have exceeded your monthly included credits for Inference Providers. Subscribe to PRO to get 20x more monthly included credits.","Error generating answer: 402 Client Error: Payment Required for url: https://router.huggingface.co/featherless-ai/v1/chat/completions (Request ID: Root=1-686d6fef-0296bf35037200616be192cf;8f460b25-bf1f-406d-9238-db40c77d2e1b)

You have exceeded your monthly included credits for Inference Providers. Subscribe to PRO to get 20x more monthly included credits.","Error generating answer: 402 Client Error: Payment Required for url: https://router.huggingface.co/featherless-ai/v1/chat/completions (Request ID: Root=1-686d6ff1-7f4d70006add6a0906c14af1;0d20343e-b493-48c8-85c9-2d77c209f372)

You have exceeded your monthly included credits for Inference Providers. Subscribe to PRO to get 20x more monthly included credits.",INSTALLED NEW HARDWARE.,True
action_019,What action could be taken when: baffle plug missing?,action_specific,actionable,"Error generating answer: 402 Client Error: Payment Required for url: https://router.huggingface.co/featherless-ai/v1/chat/completions (Request ID: Root=1-686d6fed-3b3d6c8308be0b990df62512;98e903d3-082b-4abe-ae8f-72b7ba83abdb)

You have exceeded your monthly included credits for Inference Providers. Subscribe to PRO to get 20x more monthly included credits.","Error generating answer: 402 Client Error: Payment Required for url: https://router.huggingface.co/featherless-ai/v1/chat/completions (Request ID: Root=1-686d6fef-58e986994efeb9df4a3d3923;826f00ba-031a-4d3b-8e89-e0a1e9ddf7e3)

You have exceeded your monthly included credits for Inference Providers. Subscribe to PRO to get 20x more monthly included credits.","Error generating answer: 402 Client Error: Payment Required for url: https://router.huggingface.co/featherless-ai/v1/chat/completions (Request ID: Root=1-686d6ff1-2b3aa0965bc5336957bea045;a0a1f982-bceb-4e8b-9198-eceda503af7b)

You have exceeded your monthly included credits for Inference Providers. Subscribe to PRO to get 20x more monthly included credits.",INSTALLED PLUG.,True
system_level_understanding_002,"What are the relationships between leakage issues and the frequency of inspections, and how can this inform proactive maintenance strategies?",system_level_understanding,analytical,"Error generating answer: 402 Client Error: Payment Required for url: https://router.huggingface.co/featherless-ai/v1/chat/completions (Request ID: Root=1-686d6fed-67190ece229c887530b53e2f;aca2f167-444d-433c-b796-01a723e0a3e6)

You have exceeded your monthly included credits for Inference Providers. Subscribe to PRO to get 20x more monthly included credits.","Error generating answer: 402 Client Error: Payment Required for url: https://router.huggingface.co/featherless-ai/v1/chat/completions (Request ID: Root=1-686d6fef-2ac681105845ac1b4dbf318c;0eaa622a-939a-4296-92b3-e3cf538f11d9)

You have exceeded your monthly included credits for Inference Providers. Subscribe to PRO to get 20x more monthly included credits.","Error generating answer: 402 Client Error: Payment Required for url: https://router.huggingface.co/featherless-ai/v1/chat/completions (Request ID: Root=1-686d6ff1-3121a0e812374f793312c6f6;d874d6ba-d35e-4bf6-9d53-53e443496961)

You have exceeded your monthly included credits for Inference Providers. Subscribe to PRO to get 20x more monthly included credits.",,False
action_016,What action could be taken when: front & l/h engine baffle cracked?,action_specific,actionable,"Error generating answer: 402 Client Error: Payment Required for url: https://router.huggingface.co/featherless-ai/v1/chat/completions (Request ID: Root=1-686d6fed-1035b69461f44e7f5b62205d;e78aa8a8-c8fd-4daa-bf35-149e2f74ef6c)

You have exceeded your monthly included credits for Inference Providers. Subscribe to PRO to get 20x more monthly included credits.","Error generating answer: 402 Client Error: Payment Required for url: https://router.huggingface.co/featherless-ai/v1/chat/completions (Request ID: Root=1-686d6fef-5489f5f07c140e403c4ba05c;82f03da2-a562-4a99-8c78-7eb49b2b3695)

You have exceeded your monthly included credits for Inference Providers. Subscribe to PRO to get 20x more monthly included credits.","Error generating answer: 402 Client Error: Payment Required for url: https://router.huggingface.co/featherless-ai/v1/chat/completions (Request ID: Root=1-686d6ff1-4e16f2157eaddf621e1a71c1;6fee2946-f3e0-4029-82b3-c210794a7991)

You have exceeded your monthly included credits for Inference Providers. Subscribe to PRO to get 20x more monthly included credits.",STOP DRILLED CRACK.,True
